,longitude,latitude,housing_median_age,total_rooms,total_bedrooms,population,households,median_income,median_house_value
longitude,1.0,-0.9252082786792101,-0.11425030616316861,0.047010440328565675,0.07180195592382516,0.1016742645684225,0.059627704209074844,-0.015484961384791378,-0.044981696510901864
latitude,-0.9252082786792101,1.0,0.016453903095023946,-0.038772574164864966,-0.06937291517634289,-0.11126136149822226,-0.07490229668637566,-0.08030301379233419,-0.1449167173376358
housing_median_age,-0.11425030616316861,0.016453903095023946,1.0,-0.36098416572528785,-0.3204340826318241,-0.29588980535867854,-0.302754191175035,-0.11593162461581347,0.10675770707287582
total_rooms,0.047010440328565675,-0.038772574164864966,-0.36098416572528785,1.0,0.9284029878168417,0.8601703408101828,0.9190182976946508,0.19538280739464683,0.13099146625326655
total_bedrooms,0.07180195592382516,-0.06937291517634289,-0.3204340826318241,0.9284029878168417,1.0,0.8811685743741022,0.9809200924180902,-0.013494682320925528,0.04578305197954703
population,0.1016742645684225,-0.11126136149822226,-0.29588980535867854,0.8601703408101828,0.8811685743741022,1.0,0.9092465299364408,-0.0006376291384769092,-0.027850061120898377
households,0.059627704209074844,-0.07490229668637566,-0.302754191175035,0.9190182976946508,0.9809200924180902,0.9092465299364408,1.0,0.007643716195513887,0.061030633789080704
median_income,-0.015484961384791378,-0.08030301379233419,-0.11593162461581347,0.19538280739464683,-0.013494682320925528,-0.0006376291384769092,0.007643716195513887,1.0,0.6918706037806676
median_house_value,-0.044981696510901864,-0.1449167173376358,0.10675770707287582,0.13099146625326655,0.04578305197954703,-0.027850061120898377,0.061030633789080704,0.6918706037806676,1.0
