,count,mean,std,min,25%,50%,75%,max
longitude,17000.0,-119.5621082352941,2.0051664084261778,-124.35,-121.79,-118.49,-118.0,-114.31
latitude,17000.0,35.62522470588235,2.137339794657084,32.54,33.93,34.25,37.72,41.95
housing_median_age,17000.0,28.58935294117647,12.586936981660399,1.0,18.0,29.0,37.0,52.0
total_rooms,17000.0,2643.664411764706,2179.9470714527674,2.0,1462.0,2127.0,3151.25,37937.0
total_bedrooms,17000.0,539.4108235294118,421.4994515798646,1.0,297.0,434.0,648.25,6445.0
population,17000.0,1429.5739411764705,1147.8529591595266,3.0,790.0,1167.0,1721.0,35682.0
households,17000.0,501.2219411764706,384.5208408559009,1.0,282.0,409.0,605.25,6082.0
median_income,17000.0,3.8835781,1.9081565183791036,0.4999,2.566375,3.5446,4.767,15.0001
median_house_value,17000.0,207300.91235294117,115983.76438720885,14999.0,119400.0,180400.0,265000.0,500001.0
