,min,max,mean,median,std,skew
longitude,-124.35,-114.31,-119.5621082352941,-118.49,2.0051664084261778,-0.30400297675663496
latitude,32.54,41.95,35.62522470588235,34.25,2.137339794657084,0.47180112035852473
housing_median_age,1.0,52.0,28.58935294117647,29.0,12.586936981660399,0.06489403293452066
total_rooms,2.0,37937.0,2643.664411764706,2127.0,2179.9470714527674,4.00272999865874
total_bedrooms,1.0,6445.0,539.4108235294118,434.0,421.4994515798646,3.322636715509913
population,3.0,35682.0,1429.5739411764705,1167.0,1147.8529591595266,5.187211878247974
households,1.0,6082.0,501.2219411764706,409.0,384.5208408559009,3.3426683625335154
median_income,0.4999,15.0001,3.8835781,3.5446,1.9081565183791036,1.6266930979614063
median_house_value,14999.0,500001.0,207300.91235294117,180400.0,115983.76438720885,0.9730366334725522
