,Q1,Q3,IQR,lower_bound,upper_bound,outlier_count,outlier_pct
longitude,-121.79,-118.0,3.7900000000000063,-127.47500000000002,-112.315,0,0.0
latitude,33.93,37.72,3.789999999999999,28.245,43.405,0,0.0
housing_median_age,18.0,37.0,19.0,-10.5,65.5,0,0.0
total_rooms,1462.0,3151.25,1689.25,-1071.875,5685.125,1076,6.329411764705882
total_bedrooms,297.0,648.25,351.25,-229.875,1175.125,1074,6.317647058823529
population,790.0,1721.0,931.0,-606.5,3117.5,1015,5.970588235294118
households,282.0,605.25,323.25,-202.875,1090.125,1032,6.070588235294118
median_income,2.566375,4.767,2.2006250000000005,-0.7345625000000009,8.067937500000001,563,3.3117647058823527
median_house_value,119400.0,265000.0,145600.0,-99000.0,483400.0,895,5.264705882352941
